brand,week_start,search_ratio,wow_change_pct,sov_pct
교보생명,2024-01-01,19.74,,20.54
교보생명,2024-01-08,21.42,8.5106,20.43
교보생명,2024-01-15,23.52,9.8039,21.25
교보생명,2024-01-22,25.3,7.568,21.77
교보생명,2024-01-29,24.57,-2.8854,17.19
교보생명,2024-02-05,16.72,-31.9495,16.54
교보생명,2024-02-12,20.17,20.634,18.93
교보생명,2024-02-19,21.9,8.5771,15.95
교보생명,2024-02-26,20.16,-7.9452,16.05
교보생명,2024-03-04,22.27,10.4663,17.51
교보생명,2024-03-11,21.82,-2.0207,19.06
교보생명,2024-03-18,21.62,-0.9166,19.65
교보생명,2024-03-25,22.03,1.8964,19.92
교보생명,2024-04-01,18.25,-17.1584,19.84
교보생명,2024-04-08,15.97,-12.4932,19.97
교보생명,2024-04-15,19.06,19.3488,21.13
교보생명,2024-04-22,19.7,3.3578,20.51
교보생명,2024-04-29,17.77,-9.797,21.29
교보생명,2024-05-06,17.12,-3.6579,21.12
교보생명,2024-05-13,17.21,0.5257,19.93
교보생명,2024-05-20,19.07,10.8077,21.03
교보생명,2024-05-27,19.79,3.7756,21.57
교보생명,2024-06-03,15.27,-22.8398,21.46
교보생명,2024-06-10,18.1,18.5331,21.57
교보생명,2024-06-17,18.4,1.6575,21.66
교보생명,2024-06-24,19.49,5.9239,21.29
교보생명,2024-07-01,18.15,-6.8753,20.48
교보생명,2024-07-08,17.64,-2.8099,19.98
교보생명,2024-07-15,17.35,-1.644,20.53
교보생명,2024-07-22,18.47,6.4553,21.35
교보생명,2024-07-29,18.17,-1.6243,21.18
교보생명,2024-08-05,17.62,-3.027,20.66
교보생명,2024-08-12,16.1,-8.6266,20.46
교보생명,2024-08-19,19.4,20.4969,20.77
교보생명,2024-08-26,20.35,4.8969,21.53
교보생명,2024-09-02,18.26,-10.2703,20.27
교보생명,2024-09-09,17.39,-4.7645,21.16
교보생명,2024-09-16,11.41,-34.3876,21.75
교보생명,2024-09-23,20.76,81.9457,21.88
교보생명,2024-09-30,15.45,-25.578,22.38
교보생명,2024-10-07,17.72,14.6926,22.95
교보생명,2024-10-14,18.8,6.0948,21.93
교보생명,2024-10-21,20.69,10.0532,23.32
교보생명,2024-10-28,19.32,-6.6216,21.99
교보생명,2024-11-04,18.21,-5.7453,22.56
교보생명,2024-11-11,18.73,2.8556,21.99
교보생명,2024-11-18,19.57,4.4848,19.51
교보생명,2024-11-25,20.95,7.0516,22.04
교보생명,2024-12-02,18.82,-10.1671,21.69
교보생명,2024-12-09,19.97,6.1105,23.41
교보생명,2024-12-16,20.86,4.4567,23.2
교보생명,2024-12-23,19.44,-6.8073,23.11
교보생명,2024-12-30,18.94,-2.572,22.29
교보생명,2025-01-06,20.18,6.547,21.92
교보생명,2025-01-13,20.33,0.7433,21.43
교보생명,2025-01-20,21.24,4.4761,21.97
교보생명,2025-01-27,11.72,-44.8211,22.18
교보생명,2025-02-03,23.23,98.2082,21.98
교보생명,2025-02-10,21.88,-5.8115,21.18
교보생명,2025-02-17,21.9,0.0914,18.97
교보생명,2025-02-24,23.04,5.2055,22.08
교보생명,2025-03-03,19.74,-14.3229,23.14
교보생명,2025-03-10,22.02,11.5502,21.93
교보생명,2025-03-17,21.0,-4.6322,21.57
교보생명,2025-03-24,24.83,18.2381,25.35
교보생명,2025-03-31,20.99,-15.4652,23.81
교보생명,2025-04-07,19.25,-8.2897,22.39
교보생명,2025-04-14,19.3,0.2597,23.52
교보생명,2025-04-21,21.03,8.9637,24.24
교보생명,2025-04-28,19.44,-7.5606,24.43
교보생명,2025-05-05,15.25,-21.5535,24.36
교보생명,2025-05-12,20.69,35.6721,23.55
교보생명,2025-05-19,19.69,-4.8333,23.07
교보생명,2025-05-26,19.59,-0.5079,20.8
교보생명,2025-06-02,13.67,-30.2195,18.99
교보생명,2025-06-09,18.96,38.6979,18.51
교보생명,2025-06-16,18.58,-2.0042,19.9
교보생명,2025-06-23,19.7,6.028,20.33
교보생명,2025-06-30,18.46,-6.2944,20.32
교보생명,2025-07-07,17.52,-5.0921,17.72
교보생명,2025-07-14,18.18,3.7671,17.89
교보생명,2025-07-21,18.35,0.9351,20.48
교보생명,2025-07-28,19.08,3.9782,20.59
교보생명,2025-08-04,18.76,-1.6771,22.11
교보생명,2025-08-11,18.16,-3.1983,23.23
교보생명,2025-08-18,21.74,19.7137,22.58
교보생명,2025-08-25,21.23,-2.3459,21.66
교보생명,2025-09-01,19.25,-9.3264,20.82
교보생명,2025-09-08,18.82,-2.2338,20.18
교보생명,2025-09-15,19.07,1.3284,20.54
교보생명,2025-09-22,19.36,1.5207,20.85
교보생명,2025-09-29,16.41,-15.2376,21.5
교보생명,2025-10-06,9.25,-43.6319,23.09
교보생명,2025-10-13,20.67,123.4595,21.36
교보생명,2025-10-20,19.57,-5.3217,21.89
교보생명,2025-10-27,20.9,6.7961,21.55
교보생명,2025-11-03,19.64,-6.0287,22.0
교보생명,2025-11-10,19.41,-1.1711,21.61
교보생명,2025-11-17,20.84,7.3673,22.52
교보생명,2025-11-24,22.58,8.3493,22.48
교보생명,2025-12-01,19.83,-12.1789,21.58
교보생명,2025-12-08,21.37,7.766,22.89
교보생명,2025-12-15,21.82,2.1058,23.6
교보생명,2025-12-22,19.55,-10.4033,22.08
교보생명,2025-12-29,20.76,6.1893,22.93
교보생명,2026-01-05,21.83,5.1541,21.65
교보생명,2026-01-12,23.03,5.497,19.98
교보생명,2026-01-19,23.5,2.0408,19.89
교보생명,2026-01-26,24.48,4.1702,18.98
교보생명,2026-02-02,20.68,-15.5229,18.31
교보생명,2026-02-09,19.54,-5.5126,15.49
교보생명,2026-02-16,13.51,-30.8598,13.07
교보생명,2026-02-23,24.7,82.8275,12.09
교보생명,2026-03-02,19.54,-20.8907,16.32
교보생명,2026-03-09,20.43,4.5548,16.63
교보생명,2026-03-16,20.96,2.5942,16.96
교보생명,2026-03-23,20.29,-3.1966,18.45
교보생명,2026-03-30,18.71,-7.7871,19.37
교보생명,2026-04-06,17.68,-5.5051,19.11
교보생명,2026-04-13,18.03,1.9796,18.68
교보생명,2026-04-20,18.86,4.6034,19.73
교보생명,2026-04-27,17.86,-5.3022,19.85
교보생명,2026-05-04,17.9,0.224,17.74
교보생명,2026-05-11,11.75,-34.3575,17.87
메트라이프,2024-01-01,4.07,,4.24
메트라이프,2024-01-08,4.4,8.1081,4.2
메트라이프,2024-01-15,4.64,5.4545,4.19
메트라이프,2024-01-22,5.25,13.1466,4.52
메트라이프,2024-01-29,5.26,0.1905,3.68
메트라이프,2024-02-05,3.73,-29.0875,3.69
메트라이프,2024-02-12,4.43,18.7668,4.16
메트라이프,2024-02-19,4.95,11.7381,3.61
메트라이프,2024-02-26,4.73,-4.4444,3.77
메트라이프,2024-03-04,5.01,5.9197,3.94
메트라이프,2024-03-11,4.86,-2.994,4.25
메트라이프,2024-03-18,4.81,-1.0288,4.37
메트라이프,2024-03-25,5.28,9.7713,4.77
메트라이프,2024-04-01,4.33,-17.9924,4.71
메트라이프,2024-04-08,3.66,-15.4734,4.58
메트라이프,2024-04-15,4.16,13.6612,4.61
메트라이프,2024-04-22,4.4,5.7692,4.58
메트라이프,2024-04-29,4.05,-7.9545,4.85
메트라이프,2024-05-06,3.7,-8.642,4.57
메트라이프,2024-05-13,3.94,6.4865,4.56
메트라이프,2024-05-20,4.38,11.1675,4.83
메트라이프,2024-05-27,5.22,19.1781,5.69
메트라이프,2024-06-03,3.59,-31.2261,5.05
메트라이프,2024-06-10,4.4,22.5627,5.24
메트라이프,2024-06-17,4.53,2.9545,5.33
메트라이프,2024-06-24,4.94,9.0508,5.4
메트라이프,2024-07-01,4.22,-14.5749,4.76
메트라이프,2024-07-08,4.42,4.7393,5.01
메트라이프,2024-07-15,4.28,-3.1674,5.06
메트라이프,2024-07-22,4.37,2.1028,5.05
메트라이프,2024-07-29,4.11,-5.9497,4.79
메트라이프,2024-08-05,4.3,4.6229,5.04
메트라이프,2024-08-12,3.72,-13.4884,4.73
메트라이프,2024-08-19,4.35,16.9355,4.66
메트라이프,2024-08-26,4.69,7.8161,4.96
메트라이프,2024-09-02,4.13,-11.9403,4.58
메트라이프,2024-09-09,4.18,1.2107,5.09
메트라이프,2024-09-16,2.53,-39.4737,4.82
메트라이프,2024-09-23,4.67,84.585,4.92
메트라이프,2024-09-30,3.29,-29.5503,4.77
메트라이프,2024-10-07,3.64,10.6383,4.72
메트라이프,2024-10-14,4.19,15.1099,4.89
메트라이프,2024-10-21,4.32,3.1026,4.87
메트라이프,2024-10-28,5.03,16.4352,5.72
메트라이프,2024-11-04,4.16,-17.2962,5.15
메트라이프,2024-11-11,4.9,17.7885,5.75
메트라이프,2024-11-18,4.53,-7.551,4.52
메트라이프,2024-11-25,5.1,12.5828,5.36
메트라이프,2024-12-02,4.72,-7.451,5.44
메트라이프,2024-12-09,4.8,1.6949,5.63
메트라이프,2024-12-16,4.72,-1.6667,5.25
메트라이프,2024-12-23,4.53,-4.0254,5.39
메트라이프,2024-12-30,4.34,-4.1943,5.11
메트라이프,2025-01-06,5.05,16.3594,5.48
메트라이프,2025-01-13,6.16,21.9802,6.49
메트라이프,2025-01-20,5.74,-6.8182,5.94
메트라이프,2025-01-27,2.99,-47.9094,5.66
메트라이프,2025-02-03,5.9,97.3244,5.58
메트라이프,2025-02-10,5.71,-3.2203,5.53
메트라이프,2025-02-17,5.9,3.3275,5.11
메트라이프,2025-02-24,6.04,2.3729,5.79
메트라이프,2025-03-03,4.53,-25.0,5.31
메트라이프,2025-03-10,5.53,22.0751,5.51
메트라이프,2025-03-17,5.58,0.9042,5.73
메트라이프,2025-03-24,5.14,-7.8853,5.25
메트라이프,2025-03-31,4.45,-13.4241,5.05
메트라이프,2025-04-07,4.43,-0.4494,5.15
메트라이프,2025-04-14,4.12,-6.9977,5.02
메트라이프,2025-04-21,4.1,-0.4854,4.73
메트라이프,2025-04-28,3.96,-3.4146,4.98
메트라이프,2025-05-05,3.0,-24.2424,4.79
메트라이프,2025-05-12,4.7,56.6667,5.35
메트라이프,2025-05-19,4.62,-1.7021,5.41
메트라이프,2025-05-26,5.15,11.4719,5.47
메트라이프,2025-06-02,3.41,-33.7864,4.74
메트라이프,2025-06-09,4.8,40.7625,4.69
메트라이프,2025-06-16,4.73,-1.4583,5.07
메트라이프,2025-06-23,5.31,12.2622,5.48
메트라이프,2025-06-30,4.91,-7.533,5.4
메트라이프,2025-07-07,4.79,-2.444,4.84
메트라이프,2025-07-14,5.03,5.0104,4.95
메트라이프,2025-07-21,5.03,0.0,5.61
메트라이프,2025-07-28,5.11,1.5905,5.51
메트라이프,2025-08-04,4.52,-11.546,5.33
메트라이프,2025-08-11,4.0,-11.5044,5.12
메트라이프,2025-08-18,5.11,27.75,5.31
메트라이프,2025-08-25,5.45,6.6536,5.56
메트라이프,2025-09-01,5.04,-7.5229,5.45
메트라이프,2025-09-08,5.41,7.3413,5.8
메트라이프,2025-09-15,5.12,-5.3604,5.51
메트라이프,2025-09-22,5.35,4.4922,5.76
메트라이프,2025-09-29,4.32,-19.2523,5.66
메트라이프,2025-10-06,2.42,-43.9815,6.04
메트라이프,2025-10-13,5.38,122.314,5.56
메트라이프,2025-10-20,5.43,0.9294,6.07
메트라이프,2025-10-27,5.86,7.919,6.04
메트라이프,2025-11-03,5.28,-9.8976,5.91
메트라이프,2025-11-10,4.98,-5.6818,5.54
메트라이프,2025-11-17,4.83,-3.012,5.22
메트라이프,2025-11-24,5.28,9.3168,5.26
메트라이프,2025-12-01,4.91,-7.0076,5.34
메트라이프,2025-12-08,5.23,6.5173,5.6
메트라이프,2025-12-15,4.91,-6.1185,5.31
메트라이프,2025-12-22,4.41,-10.1833,4.98
메트라이프,2025-12-29,4.79,8.6168,5.29
메트라이프,2026-01-05,5.93,23.7996,5.88
메트라이프,2026-01-12,6.21,4.7218,5.39
메트라이프,2026-01-19,6.61,6.4412,5.59
메트라이프,2026-01-26,7.14,8.0182,5.54
메트라이프,2026-02-02,5.88,-17.6471,5.21
메트라이프,2026-02-09,5.5,-6.4626,4.36
메트라이프,2026-02-16,3.7,-32.7273,3.58
메트라이프,2026-02-23,7.37,99.1892,3.61
메트라이프,2026-03-02,5.46,-25.9159,4.56
메트라이프,2026-03-09,5.62,2.9304,4.58
메트라이프,2026-03-16,5.58,-0.7117,4.51
메트라이프,2026-03-23,5.27,-5.5556,4.79
메트라이프,2026-03-30,4.93,-6.4516,5.1
메트라이프,2026-04-06,4.25,-13.7931,4.59
메트라이프,2026-04-13,4.91,15.5294,5.09
메트라이프,2026-04-20,5.21,6.11,5.45
메트라이프,2026-04-27,5.1,-2.1113,5.67
메트라이프,2026-05-04,5.42,6.2745,5.37
메트라이프,2026-05-11,3.41,-37.0849,5.18
삼성생명,2024-01-01,42.14,,43.85
삼성생명,2024-01-08,46.68,10.7736,44.52
삼성생명,2024-01-15,49.35,5.7198,44.58
삼성생명,2024-01-22,49.29,-0.1216,42.41
삼성생명,2024-01-29,58.52,18.7259,40.93
삼성생명,2024-02-05,43.31,-25.9911,42.84
삼성생명,2024-02-12,45.55,5.172,42.75
삼성생명,2024-02-19,67.27,47.6839,49.01
삼성생명,2024-02-26,65.8,-2.1852,52.39
삼성생명,2024-03-04,65.78,-0.0304,51.71
삼성생명,2024-03-11,57.55,-12.5114,50.27
삼성생명,2024-03-18,53.52,-7.0026,48.65
삼성생명,2024-03-25,51.22,-4.2975,46.31
삼성생명,2024-04-01,40.91,-20.1289,44.47
삼성생명,2024-04-08,35.87,-12.3197,44.86
삼성생명,2024-04-15,40.18,12.0156,44.55
삼성생명,2024-04-22,42.82,6.5704,44.59
삼성생명,2024-04-29,35.89,-16.184,43.01
삼성생명,2024-05-06,35.69,-0.5573,44.03
삼성생명,2024-05-13,38.7,8.4337,44.81
삼성생명,2024-05-20,41.27,6.6408,45.5
삼성생명,2024-05-27,40.12,-2.7865,43.74
삼성생명,2024-06-03,31.16,-22.333,43.79
삼성생명,2024-06-10,36.69,17.7471,43.73
삼성생명,2024-06-17,37.23,1.4718,43.83
삼성생명,2024-06-24,39.22,5.3452,42.84
삼성생명,2024-07-01,39.18,-0.102,44.2
삼성생명,2024-07-08,39.85,1.7101,45.15
삼성생명,2024-07-15,36.3,-8.9084,42.95
삼성생명,2024-07-22,37.67,3.7741,43.53
삼성생명,2024-07-29,37.27,-1.0619,43.44
삼성생명,2024-08-05,38.46,3.1929,45.1
삼성생명,2024-08-12,34.7,-9.7764,44.1
삼성생명,2024-08-19,43.08,24.1499,46.11
삼성생명,2024-08-26,40.84,-5.1996,43.2
삼성생명,2024-09-02,39.34,-3.6729,43.67
삼성생명,2024-09-09,34.96,-11.1337,42.54
삼성생명,2024-09-16,22.54,-35.5263,42.96
삼성생명,2024-09-23,40.8,81.0115,43.01
삼성생명,2024-09-30,28.54,-30.049,41.35
삼성생명,2024-10-07,32.62,14.2957,42.25
삼성생명,2024-10-14,36.99,13.3967,43.14
삼성생명,2024-10-21,37.59,1.6221,42.37
삼성생명,2024-10-28,37.13,-1.2237,42.26
삼성생명,2024-11-04,34.84,-6.1675,43.16
삼성생명,2024-11-11,36.38,4.4202,42.72
삼성생명,2024-11-18,44.8,23.1446,44.67
삼성생명,2024-11-25,41.05,-8.3705,43.18
삼성생명,2024-12-02,37.49,-8.6724,43.2
삼성생명,2024-12-09,36.51,-2.614,42.79
삼성생명,2024-12-16,37.71,3.2868,41.93
삼성생명,2024-12-23,36.41,-3.4474,43.28
삼성생명,2024-12-30,37.04,1.7303,43.6
삼성생명,2025-01-06,40.98,10.6371,44.5
삼성생명,2025-01-13,41.44,1.1225,43.68
삼성생명,2025-01-20,42.16,1.7375,43.62
삼성생명,2025-01-27,22.9,-45.6831,43.35
삼성생명,2025-02-03,46.83,104.4978,44.3
삼성생명,2025-02-10,45.41,-3.0322,43.96
삼성생명,2025-02-17,54.72,20.5021,47.39
삼성생명,2025-02-24,44.22,-19.1886,42.37
삼성생명,2025-03-03,36.06,-18.4532,42.27
삼성생명,2025-03-10,43.28,20.0222,43.09
삼성생명,2025-03-17,42.17,-2.5647,43.3
삼성생명,2025-03-24,39.36,-6.6635,40.19
삼성생명,2025-03-31,34.14,-13.2622,38.73
삼성생명,2025-04-07,35.3,3.3978,41.05
삼성생명,2025-04-14,33.61,-4.7875,40.96
삼성생명,2025-04-21,35.89,6.7837,41.37
삼성생명,2025-04-28,31.99,-10.8665,40.21
삼성생명,2025-05-05,25.72,-19.5999,41.09
삼성생명,2025-05-12,36.5,41.9129,41.54
삼성생명,2025-05-19,37.0,1.3699,43.36
삼성생명,2025-05-26,39.84,7.6757,42.31
삼성생명,2025-06-02,33.38,-16.2149,46.36
삼성생명,2025-06-09,48.93,46.5848,47.77
삼성생명,2025-06-16,42.9,-12.3237,45.95
삼성생명,2025-06-23,44.08,2.7506,45.49
삼성생명,2025-06-30,40.59,-7.9174,44.68
삼성생명,2025-07-07,38.7,-4.6563,39.14
삼성생명,2025-07-14,45.98,18.8114,45.24
삼성생명,2025-07-21,38.93,-15.3328,43.45
삼성생명,2025-07-28,39.23,0.7706,42.33
삼성생명,2025-08-04,35.99,-8.259,42.42
삼성생명,2025-08-11,32.64,-9.3081,41.76
삼성생명,2025-08-18,42.5,30.2083,44.13
삼성생명,2025-08-25,43.53,2.4235,44.4
삼성생명,2025-09-01,42.99,-1.2405,46.5
삼성생명,2025-09-08,44.53,3.5822,47.76
삼성생명,2025-09-15,42.36,-4.8731,45.62
삼성생명,2025-09-22,40.77,-3.7535,43.91
삼성생명,2025-09-29,34.28,-15.9186,44.91
삼성생명,2025-10-06,17.71,-48.3372,44.21
삼성생명,2025-10-13,44.33,150.3106,45.81
삼성생명,2025-10-20,39.47,-10.9632,44.14
삼성생명,2025-10-27,44.0,11.4771,45.36
삼성생명,2025-11-03,39.97,-9.1591,44.76
삼성생명,2025-11-10,40.63,1.6512,45.22
삼성생명,2025-11-17,38.21,-5.9562,41.28
삼성생명,2025-11-24,42.63,11.5677,42.43
삼성생명,2025-12-01,40.06,-6.0286,43.6
삼성생명,2025-12-08,39.64,-1.0484,42.46
삼성생명,2025-12-15,38.49,-2.9011,41.62
삼성생명,2025-12-22,38.12,-0.9613,43.05
삼성생명,2025-12-29,38.7,1.5215,42.75
삼성생명,2026-01-05,44.36,14.6253,43.99
삼성생명,2026-01-12,48.32,8.927,41.93
삼성생명,2026-01-19,52.65,8.9611,44.56
삼성생명,2026-01-26,54.73,3.9506,42.44
삼성생명,2026-02-02,47.24,-13.6854,41.82
삼성생명,2026-02-09,46.42,-1.7358,36.8
삼성생명,2026-02-16,35.3,-23.9552,34.14
삼성생명,2026-02-23,72.24,104.6459,35.36
삼성생명,2026-03-02,46.7,-35.3544,39.01
삼성생명,2026-03-09,50.71,8.5867,41.28
삼성생명,2026-03-16,49.66,-2.0706,40.18
삼성생명,2026-03-23,41.6,-16.2304,37.83
삼성생명,2026-03-30,37.61,-9.5913,38.93
삼성생명,2026-04-06,38.65,2.7652,41.77
삼성생명,2026-04-13,41.03,6.1578,42.5
삼성생명,2026-04-20,39.36,-4.0702,41.18
삼성생명,2026-04-27,35.75,-9.1717,39.73
삼성생명,2026-05-04,43.49,21.6503,43.1
삼성생명,2026-05-11,27.61,-36.5141,41.98
한화생명,2024-01-01,30.14,,31.37
한화생명,2024-01-08,32.36,7.3656,30.86
한화생명,2024-01-15,33.18,2.534,29.98
한화생명,2024-01-22,36.37,9.6142,31.3
한화생명,2024-01-29,54.61,50.1512,38.2
한화생명,2024-02-05,37.33,-31.6426,36.93
한화생명,2024-02-12,36.41,-2.4645,34.17
한화생명,2024-02-19,43.15,18.5114,31.43
한화생명,2024-02-26,34.91,-19.0962,27.79
한화생명,2024-03-04,34.16,-2.1484,26.85
한화생명,2024-03-11,30.25,-11.4461,26.42
한화생명,2024-03-18,30.06,-0.6281,27.32
한화생명,2024-03-25,32.07,6.6866,29.0
한화생명,2024-04-01,28.51,-11.1007,30.99
한화생명,2024-04-08,24.46,-14.2055,30.59
한화생명,2024-04-15,26.79,9.5258,29.7
한화생명,2024-04-22,29.12,8.6973,30.32
한화생명,2024-04-29,25.74,-11.6071,30.84
한화생명,2024-05-06,24.54,-4.662,30.28
한화생명,2024-05-13,26.52,8.0685,30.71
한화생명,2024-05-20,25.98,-2.0362,28.64
한화생명,2024-05-27,26.6,2.3865,29.0
한화생명,2024-06-03,21.13,-20.5639,29.7
한화생명,2024-06-10,24.72,16.9901,29.46
한화생명,2024-06-17,24.78,0.2427,29.17
한화생명,2024-06-24,27.9,12.5908,30.48
한화생명,2024-07-01,27.09,-2.9032,30.56
한화생명,2024-07-08,26.36,-2.6947,29.86
한화생명,2024-07-15,26.59,0.8725,31.46
한화생명,2024-07-22,26.02,-2.1437,30.07
한화생명,2024-07-29,26.25,0.8839,30.59
한화생명,2024-08-05,24.9,-5.1429,29.2
한화생명,2024-08-12,24.16,-2.9719,30.71
한화생명,2024-08-19,26.59,10.0579,28.46
한화생명,2024-08-26,28.65,7.7473,30.31
한화생명,2024-09-02,28.36,-1.0122,31.48
한화생명,2024-09-09,25.65,-9.5557,31.21
한화생명,2024-09-16,15.99,-37.6608,30.47
한화생명,2024-09-23,28.63,79.0494,30.18
한화생명,2024-09-30,21.74,-24.0657,31.5
한화생명,2024-10-07,23.22,6.8077,30.08
한화생명,2024-10-14,25.76,10.9388,30.04
한화생명,2024-10-21,26.11,1.3587,29.43
한화생명,2024-10-28,26.39,1.0724,30.03
한화생명,2024-11-04,23.51,-10.9132,29.13
한화생명,2024-11-11,25.15,6.9758,29.53
한화생명,2024-11-18,31.39,24.8111,31.3
한화생명,2024-11-25,27.97,-10.8952,29.42
한화생명,2024-12-02,25.75,-7.9371,29.67
한화생명,2024-12-09,24.04,-6.6408,28.18
한화생명,2024-12-16,26.64,10.8153,29.62
한화생명,2024-12-23,23.74,-10.8859,28.22
한화생명,2024-12-30,24.64,3.7911,29.0
한화생명,2025-01-06,25.87,4.9919,28.1
한화생명,2025-01-13,26.94,4.1361,28.4
한화생명,2025-01-20,27.52,2.1529,28.47
한화생명,2025-01-27,15.22,-44.6948,28.81
한화생명,2025-02-03,29.74,95.4008,28.14
한화생명,2025-02-10,30.3,1.883,29.33
한화생명,2025-02-17,32.94,8.7129,28.53
한화생명,2025-02-24,31.06,-5.7073,29.76
한화생명,2025-03-03,24.98,-19.575,29.28
한화생명,2025-03-10,29.6,18.4948,29.47
한화생명,2025-03-17,28.63,-3.277,29.4
한화생명,2025-03-24,28.6,-0.1048,29.2
한화생명,2025-03-31,28.56,-0.1399,32.4
한화생명,2025-04-07,27.01,-5.4272,31.41
한화생명,2025-04-14,25.03,-7.3306,30.5
한화생명,2025-04-21,25.73,2.7966,29.66
한화생명,2025-04-28,24.17,-6.063,30.38
한화생명,2025-05-05,18.62,-22.9624,29.75
한화생명,2025-05-12,25.97,39.4737,29.56
한화생명,2025-05-19,24.03,-7.4702,28.16
한화생명,2025-05-26,29.59,23.1377,31.42
한화생명,2025-06-02,21.54,-27.2051,29.92
한화생명,2025-06-09,29.73,38.0223,29.03
한화생명,2025-06-16,27.16,-8.6445,29.09
한화생명,2025-06-23,27.81,2.3932,28.7
한화생명,2025-06-30,26.89,-3.3082,29.6
한화생명,2025-07-07,37.86,40.7958,38.29
한화생명,2025-07-14,32.45,-14.2895,31.93
한화생명,2025-07-21,27.28,-15.9322,30.45
한화생명,2025-07-28,29.25,7.2214,31.56
한화생명,2025-08-04,25.57,-12.5812,30.14
한화생명,2025-08-11,23.37,-8.6038,29.9
한화생명,2025-08-18,26.95,15.3188,27.99
한화생명,2025-08-25,27.82,3.2282,28.38
한화생명,2025-09-01,25.17,-9.5255,27.23
한화생명,2025-09-08,24.48,-2.7414,26.25
한화생명,2025-09-15,26.31,7.4755,28.33
한화생명,2025-09-22,27.36,3.9909,29.47
한화생명,2025-09-29,21.32,-22.076,27.93
한화생명,2025-10-06,10.68,-49.9062,26.66
한화생명,2025-10-13,26.38,147.0037,27.26
한화생명,2025-10-20,24.95,-5.4208,27.9
한화생명,2025-10-27,26.24,5.1703,27.05
한화생명,2025-11-03,24.4,-7.0122,27.33
한화생명,2025-11-10,24.82,1.7213,27.63
한화생명,2025-11-17,28.68,15.552,30.99
한화생명,2025-11-24,29.97,4.4979,29.83
한화생명,2025-12-01,27.09,-9.6096,29.48
한화생명,2025-12-08,27.11,0.0738,29.04
한화생명,2025-12-15,27.25,0.5164,29.47
한화생명,2025-12-22,26.46,-2.8991,29.88
한화생명,2025-12-29,26.27,-0.7181,29.02
한화생명,2026-01-05,28.73,9.3643,28.49
한화생명,2026-01-12,37.68,31.1521,32.7
한화생명,2026-01-19,35.39,-6.0775,29.95
한화생명,2026-01-26,42.61,20.4012,33.04
한화생명,2026-02-02,39.15,-8.1202,34.66
한화생명,2026-02-09,54.67,39.6424,43.34
한화생명,2026-02-16,50.88,-6.9325,49.21
한화생명,2026-02-23,100.0,96.5409,48.95
한화생명,2026-03-02,48.01,-51.99,40.11
한화생명,2026-03-09,46.07,-4.0408,37.51
한화생명,2026-03-16,47.39,2.8652,38.34
한화생명,2026-03-23,42.82,-9.6434,38.93
한화생명,2026-03-30,35.35,-17.4451,36.59
한화생명,2026-04-06,31.95,-9.6181,34.53
한화생명,2026-04-13,32.56,1.9092,33.73
한화생명,2026-04-20,32.15,-1.2592,33.64
한화생명,2026-04-27,31.28,-2.7061,34.76
한화생명,2026-05-04,34.1,9.0153,33.79
한화생명,2026-05-11,23.0,-32.5513,34.97
