brand,week_start,positive_ratio,neutral_ratio,negative_ratio,total_docs,top_keywords
general,2020-03-30,0.0,1.0,0.0,1,"[""소휘"", ""위메프"", ""산지로드"", ""농사지음"", ""캐시워크""]"
general,2020-04-20,0.0,1.0,0.0,1,"[""소휘"", ""위메프"", ""메디픽미"", ""리얼마이즈"", ""케시워크""]"
general,2020-06-01,0.0,1.0,0.0,1,"[""소휘"", ""위메프"", ""케시워크"", ""퀴즈"", ""정답""]"
general,2020-08-24,0.0,1.0,0.0,1,"[""캐시워크"", ""정답"", ""자동차"", ""보험료계산"", ""보험개발원""]"
general,2021-11-15,0.0,1.0,0.0,1,"[""투자포트폴리오"", ""성공"", ""재테크의"", ""핵심"", ""배분""]"
general,2021-12-13,0.0,1.0,0.0,1,"[""케시워크"", ""정답"", ""자동차"", ""보험료계산"", ""보험개발원""]"
general,2022-04-04,1.0,0.0,0.0,1,"[""국채"", ""년물"", ""뉴스"", ""자료"", ""수익률""]"
general,2022-10-31,0.0,1.0,0.0,1,"[""독서후기"", ""그릿"", ""앤절라"", ""더크워스"", ""장기적""]"
general,2022-11-21,0.0,1.0,0.0,1,"[""펀드"", ""투자"", ""있는"", ""벤처업계뉴스"", ""산은성장금융""]"
general,2023-03-20,0.0,1.0,0.0,1,"[""상반기"", ""후기"", ""개월"", ""하나은행"", ""최종합격""]"
general,2023-05-08,0.0,1.0,0.0,1,"[""주차"", ""창업"", ""스타트업"", ""소식"", ""일정""]"
general,2023-10-16,0.0,1.0,0.0,1,"[""보험리모델링"", ""성공사례"", ""승려"", ""스님"", ""보험재설계""]"
general,2023-12-18,0.5,0.5,0.0,2,"[""종목"", ""뉴스"", ""코람코라이프인프라리"", ""서울경제"", ""한국건설부동산산업대상""]"
general,2024-03-25,0.0,1.0,0.0,1,"[""억개"", ""이미지"", ""생성"", ""사람은"", ""뉴스""]"
general,2024-05-06,0.0,1.0,0.0,1,"[""후기"", ""매트"", ""서울"", ""머니쇼"", ""방문""]"
general,2024-10-14,1.0,0.0,0.0,1,"[""공무원"", ""보험리모델링상담"", ""성공사례"", ""인가족의"", ""보험재설계""]"
general,2024-10-28,1.0,0.0,0.0,1,"[""확실한"", ""직장인재무상담"", ""목돈모으기"", ""목돈마련"", ""방법""]"
general,2024-12-23,1.0,0.0,0.0,1,"[""일부터"", ""보험상품의"", ""보험료"", ""인상"", ""보장금액""]"
general,2025-08-04,0.0,1.0,0.0,1,"[""메트"", ""라이프"", ""달러"", ""종신보험"", ""세계적인""]"
general,2025-08-11,0.5,0.0,0.5,2,"[""메트"", ""달러"", ""라이프"", ""종신"", ""장단점""]"
general,2025-08-18,1.0,0.0,0.0,1,"[""미국주식정보"", ""분쯤"", ""신약"", ""커버"", ""제외""]"
general,2025-09-29,0.0,1.0,0.0,1,"[""오늘의"", ""뉴스"", ""금요일"", ""특히"", ""라이프생명의""]"
general,2025-10-06,0.0,1.0,0.0,1,"[""면접"", ""생각보다"", ""별거아닌"", ""자소설메이트"", ""공식""]"
general,2025-11-24,0.0,1.0,0.0,1,"[""유전자"", ""검사로"", ""운동과"", ""운동"", ""검사""]"
general,2026-01-05,0.0,1.0,0.0,1,"[""네영카"", ""스쳐간"", ""시간"", ""강남"", ""스포""]"
general,2026-02-02,0.0,0.5,0.5,2,"[""달러"", ""메트"", ""라이프"", ""전략으로"", ""환율""]"
general,2026-02-23,0.0,1.0,0.0,1,"[""보험뉴스"", ""카티라이프"", ""특약"", ""두달새"", ""만건""]"
general,2026-03-23,0.0,1.0,0.0,3,"[""후기"", ""안양"", ""포켓몬카드"", ""까는"", ""음악의""]"
general,2026-03-30,0.0,1.0,0.0,1,"[""개인"", ""목요일"", ""오늘의"", ""뉴스"", ""축소""]"
general,2026-04-06,0.0,0.667,0.333,3,"[""배구"", ""보는"", ""한눈에"", ""골프"", ""일반""]"
general,2026-04-13,0.0,1.0,0.0,5,"[""폴더블폰"", ""기회"", ""수상"", ""정리"", ""소식""]"
general,2026-04-20,0.059,0.882,0.059,17,"[""삼성"", ""기자"", ""포켓몬카드가"", ""한눈에"", ""보는""]"
general,2026-04-27,0.2,0.8,0.0,25,"[""포켓몬카드를"", ""위해"", ""오신"", ""후기"", ""구매하러""]"
general,2026-05-04,0.093,0.86,0.047,43,"[""후기"", ""구매하러"", ""오신"", ""포켓몬카드"", ""세대""]"
general,2026-05-11,0.563,0.4,0.037,513,"[""비교"", ""추천"", ""보장"", ""보험료"", ""자동차보험""]"
hanwha,2024-11-04,0.0,1.0,0.0,2,"[""한화생명"", ""한화"", ""쿡북"", ""배달음식"", ""배달""]"
hanwha,2024-11-11,1.0,0.0,0.0,1,"[""이벤트"", ""댓글로"", ""한화생명"", ""시즌"", ""저당""]"
hanwha,2024-11-18,0.609,0.391,0.0,23,"[""고사리"", ""무화과"", ""대파"", ""카프레제"", ""샐러드""]"
hanwha,2024-11-25,0.867,0.133,0.0,15,"[""저당"", ""고사리"", ""레시피"", ""대파"", ""무화과""]"
hanwha,2024-12-02,0.677,0.29,0.032,31,"[""저당"", ""너무"", ""레시피"", ""연말"", ""한화생명""]"
hanwha,2024-12-09,0.786,0.143,0.071,14,"[""연말"", ""저당"", ""로스트"", ""너무"", ""레시피""]"
hanwha,2024-12-16,0.0,1.0,0.0,1,"[""일중독"", ""워커홀릭"", ""치매"", ""워라밸"", ""건강""]"
hanwha,2024-12-30,0.5,0.5,0.0,2,"[""심장질환"", ""겨울"", ""혈관"", ""관상동맥질환"", ""이상엽""]"
hanwha,2025-02-24,0.303,0.606,0.091,33,"[""가족이"", ""같아요"", ""제가"", ""가족"", ""직접""]"
hanwha,2025-03-03,0.362,0.517,0.121,58,"[""가족이"", ""같아요"", ""간병인을"", ""간병인이"", ""제가""]"
hanwha,2025-03-10,0.333,0.667,0.0,3,"[""더서클"", ""간병"", ""가족"", ""간병인"", ""한화""]"
hanwha,2025-03-17,0.0,1.0,0.0,1,"[""너무"", ""귀엽고"", ""파이팅"", ""넘치네요"", ""나도""]"
hanwha,2025-03-31,0.126,0.444,0.43,135,"[""봉인하고"", ""싶어요"", ""저는"", ""너무"", ""싶습니다""]"
hanwha,2025-04-07,0.0,1.0,0.0,2,"[""더서클"", ""남성질환"", ""건강"", ""가족"", ""한화""]"
hanwha,2025-04-21,0.5,0.5,0.0,2,"[""엘레발은"", ""꼴뵈기"", ""싫은데"", ""한화는"", ""응원하게""]"
hanwha,2025-04-28,0.6,0.4,0.0,35,"[""시그니처"", ""끝까지"", ""한화생명"", ""처음부터"", ""특별한""]"
hanwha,2025-05-05,0.679,0.321,0.0,28,"[""시그니처"", ""한화생명"", ""끝까지"", ""처음부터"", ""처음""]"
hanwha,2025-05-26,0.386,0.579,0.035,57,"[""챌린지"", ""싶습니다"", ""시그니처"", ""부문"", ""통해""]"
hanwha,2025-06-02,1.0,0.0,0.0,2,"[""운동"", ""진짜"", ""많이"", ""같네요"", ""영상""]"
hanwha,2025-06-30,0.5,0.5,0.0,2,"[""심장이"", ""앉아"", ""있다"", ""스트레칭"", ""하면""]"
hanwha,2025-07-21,0.452,0.548,0.0,62,"[""한화이글스"", ""이글스"", ""한화"", ""정말"", ""화이팅""]"
hanwha,2025-07-28,0.615,0.385,0.0,13,"[""끝까지"", ""한화이글스"", ""정말"", ""진짜"", ""말고""]"
hanwha,2025-08-11,0.2,0.8,0.0,20,"[""말차"", ""너무"", ""말차에"", ""제임스"", ""계속""]"
hanwha,2025-08-18,0.429,0.571,0.0,7,"[""말차"", ""봤습니다"", ""추천해주신"", ""안티로펜"", ""장사꾼들이""]"
hanwha,2025-09-15,0.333,0.667,0.0,3,"[""빠르게"", ""행복합니다"", ""발전으로"", ""질병을"", ""치료할""]"
hanwha,2025-09-22,0.583,0.417,0.0,24,"[""한화생명"", ""스포츠"", ""원정대"", ""너무"", ""화이팅""]"
hanwha,2025-09-29,0.931,0.069,0.0,58,"[""한화생명"", ""원정대"", ""스포츠"", ""응원합니다"", ""멋진""]"
hanwha,2025-10-13,0.268,0.732,0.0,41,"[""한화생명"", ""너무"", ""원정대"", ""화이팅"", ""스포츠""]"
hanwha,2025-10-20,0.538,0.462,0.0,13,"[""같아요"", ""현지"", ""한화생명"", ""팬들과"", ""콘텐츠도""]"
hanwha,2025-10-27,0.0,1.0,0.0,4,"[""파이팅"", ""친구"", ""캡틴잭"", ""한화생명"", ""스포츠""]"
hanwha,2025-11-03,0.0,1.0,0.0,1,"[""창원"", ""파크"", ""이런데도"", ""있지"", ""않나요""]"
hanwha,2025-11-10,0.0,1.0,0.0,1,"[""여기다가"", ""코딩"", ""좋아하시는"", ""분들인"", ""이과분들이""]"
hanwha,2025-12-01,0.0,1.0,0.0,3,"[""지원하기"", ""채널이"", ""한화생명이였네"", ""혹시"", ""두산""]"
hanwha,2025-12-08,0.5,0.5,0.0,4,"[""응원하겠습니다"", ""행복합니다"", ""좋은"", ""감사합니다"", ""더욱""]"
hanwha,2025-12-15,0.0,1.0,0.0,3,"[""화이팅"", ""생명"", ""한화생명"", ""제카제구딜"", ""저도요""]"
hanwha,2025-12-22,0.39,0.576,0.034,59,"[""한화이글스"", ""너무"", ""김경문"", ""끝까지"", ""한화""]"
hanwha,2025-12-29,0.091,0.909,0.0,11,"[""비상하라"", ""너무"", ""선수"", ""한화"", ""다시""]"
hanwha,2026-01-05,0.0,1.0,0.0,1,"[""태인아"", ""남을꺼라고"", ""믿는다""]"
hanwha,2026-01-19,0.5,0.5,0.0,2,"[""한화생명이"", ""대한민국"", ""선수가"", ""금융"", ""금융의""]"
hanwha,2026-01-26,0.0,1.0,0.0,1,"[""씨즌"", ""과제는"", ""오직"", ""하나"", ""인거""]"
hanwha,2026-03-09,0.0,1.0,0.0,2,"[""태아보험"", ""한화생명"", ""교보생명"", ""현대해상"", ""대출""]"
hanwha,2026-03-16,0.641,0.359,0.0,39,"[""한화이글스"", ""선수"", ""박주아"", ""이번"", ""류현진""]"
hanwha,2026-03-23,0.5,0.5,0.0,2,"[""실시간"", ""개막전"", ""넷플릭스로"", ""보고"", ""있는데""]"
hanwha,2026-03-30,1.0,0.0,0.0,1,"[""스포츠파이"", ""편으로"", ""처음"", ""알게됐는데"", ""내용도""]"
hanwha,2026-04-06,0.0,1.0,0.0,1,"[""정말"", ""멋진"", ""광고네요""]"
hanwha,2026-04-13,0.0,1.0,0.0,1,"[""박찬호"", ""박세리"", ""국민들"", ""영웅"", ""이었죠""]"
hanwha,2026-04-20,0.429,0.571,0.0,7,"[""이벤트"", ""참여"", ""한화생명"", ""댓글"", ""챌린지""]"
hanwha,2026-04-27,0.425,0.553,0.022,179,"[""후기"", ""대전"", ""한화생명"", ""한화생명볼파크"", ""구역""]"
hanwha,2026-05-04,0.318,0.653,0.029,173,"[""후기"", ""대전"", ""한화생명볼파크"", ""한화생명"", ""직관""]"
hanwha,2026-05-11,0.394,0.599,0.007,142,"[""대전"", ""후기"", ""한화생명"", ""한화생명볼파크"", ""직관""]"
kyobo,2025-09-01,0.45,0.55,0.0,20,"[""그리고"", ""저는"", ""야외"", ""자외선"", ""야외활동""]"
kyobo,2025-09-08,0.568,0.386,0.045,44,"[""건강을"", ""저는"", ""자외선"", ""물을"", ""자주""]"
kyobo,2025-09-15,0.561,0.404,0.035,57,"[""생활비"", ""같아요"", ""있어요"", ""통장"", ""저는""]"
kyobo,2025-09-22,0.661,0.306,0.032,62,"[""생활비"", ""저는"", ""저축"", ""생활비를"", ""작은""]"
kyobo,2025-09-29,0.175,0.7,0.125,40,"[""고치고"", ""소비"", ""습관을"", ""싶어요"", ""싶은""]"
kyobo,2025-10-06,0.196,0.536,0.268,56,"[""소비"", ""고치고"", ""싶어요"", ""진짜"", ""저는""]"
kyobo,2025-10-13,0.421,0.526,0.053,19,"[""건강을"", ""스트레칭을"", ""저는"", ""하고"", ""보면""]"
kyobo,2025-10-20,0.586,0.414,0.0,29,"[""있어요"", ""건강"", ""건강을"", ""점심"", ""작은""]"
kyobo,2025-10-27,0.611,0.352,0.037,54,"[""작은"", ""있어요"", ""스트레스를"", ""저는"", ""스트레스""]"
kyobo,2025-11-03,0.413,0.522,0.065,46,"[""스트레스"", ""저는"", ""스트레스를"", ""좋아하는"", ""마음이""]"
kyobo,2025-11-10,0.762,0.238,0.0,21,"[""건강"", ""만보기"", ""앱에서"", ""점이"", ""가장""]"
kyobo,2025-11-17,0.818,0.182,0.0,44,"[""건강"", ""가장"", ""교보생명"", ""기능이"", ""있다는""]"
kyobo,2025-11-24,0.4,0.6,0.0,15,"[""보고"", ""서재에"", ""통해"", ""있는"", ""싶습니다""]"
kyobo,2025-12-01,0.451,0.549,0.0,71,"[""서재에"", ""교보생명"", ""싶어요"", ""같아요"", ""저도""]"
kyobo,2025-12-08,0.358,0.642,0.0,67,"[""열심히"", ""대충"", ""쓰는"", ""서재에"", ""싶어요""]"
kyobo,2025-12-15,0.292,0.708,0.0,89,"[""책을"", ""년에는"", ""독서"", ""꾸준히"", ""읽는""]"
kyobo,2025-12-22,0.548,0.452,0.0,62,"[""있어요"", ""매일"", ""작은"", ""꾸준히"", ""건강""]"
kyobo,2025-12-29,0.783,0.207,0.011,92,"[""건강"", ""꾸준히"", ""년에는"", ""싶어요"", ""건강을""]"
kyobo,2026-01-05,0.772,0.228,0.0,57,"[""추천하고"", ""운동은"", ""있는"", ""싶은"", ""추천합니다""]"
kyobo,2026-01-12,0.5,0.5,0.0,2,"[""당첨자"", ""발표"", ""이벤트에"", ""참여해주신"", ""모든""]"
kyobo,2026-01-19,0.0,1.0,0.0,1,"[""당첨자"", ""발표"", ""이벤트에"", ""참여해주신"", ""모든""]"
kyobo,2026-01-26,0.821,0.179,0.0,28,"[""자극적인"", ""하고"", ""건강한"", ""너무"", ""영상""]"
kyobo,2026-02-02,0.744,0.256,0.0,39,"[""야식"", ""자극적인"", ""맵고"", ""음식"", ""년부터""]"
kyobo,2026-02-09,0.167,0.833,0.0,6,"[""교보생명"", ""감성"", ""왕과"", ""사는"", ""후기""]"
kyobo,2026-02-16,0.286,0.571,0.143,7,"[""교보생명"", ""후기"", ""에이블짐"", ""신촌점"", ""뮤지컬""]"
kyobo,2026-02-23,0.3,0.6,0.1,10,"[""교보생명"", ""후기"", ""비켈드"", ""시간"", ""접속""]"
kyobo,2026-03-02,0.267,0.733,0.0,15,"[""교보생명"", ""후기"", ""바로"", ""신용대출"", ""실제""]"
kyobo,2026-03-09,0.143,0.857,0.0,14,"[""교보생명"", ""후기"", ""맛집"", ""위치"", ""부산""]"
kyobo,2026-03-16,0.4,0.6,0.0,15,"[""후기"", ""교보생명"", ""미용실"", ""교보생명빌딩"", ""단청헤어스튜디오""]"
kyobo,2026-03-23,0.447,0.5,0.053,38,"[""교보생명"", ""기쁨과"", ""일의"", ""싶어요"", ""후기""]"
kyobo,2026-03-30,0.4,0.6,0.0,45,"[""일의"", ""교보생명"", ""기쁨과"", ""후기"", ""슬픔""]"
kyobo,2026-04-06,0.349,0.603,0.048,63,"[""후기"", ""교보생명"", ""서울"", ""일의"", ""기쁨과""]"
kyobo,2026-04-13,0.25,0.7,0.05,20,"[""후기"", ""교보생명"", ""서울"", ""후기를"", ""이조장어""]"
kyobo,2026-04-20,0.25,0.688,0.062,16,"[""교보생명"", ""후기"", ""데자뷰메디스킨"", ""맞은편"", ""계림점""]"
kyobo,2026-04-27,0.4,0.6,0.0,15,"[""교보생명"", ""후기"", ""맛집"", ""신흥동"", ""성남""]"
kyobo,2026-05-04,0.477,0.505,0.018,111,"[""교보생명"", ""서재에"", ""레오"", ""책을"", ""다시""]"
kyobo,2026-05-11,0.351,0.649,0.0,37,"[""교보생명"", ""서재에"", ""레오"", ""후기"", ""추가하고""]"
metlife,2019-12-23,0.0,1.0,0.0,1,"[""손해보험"", ""생명"", ""서비스리뷰"", ""시럽"", ""금융""]"
metlife,2020-01-06,1.0,0.0,0.0,1,"[""핫이슈"", ""금융상품"", ""추천"", ""연금"", ""펀드""]"
metlife,2020-02-03,0.0,1.0,0.0,1,"[""에니어그램"", ""강사"", ""전문강사"", ""교육안내"", ""세일즈""]"
metlife,2020-02-10,1.0,0.0,0.0,1,"[""핫이슈"", ""금융상품"", ""추천"", ""연금"", ""펀드""]"
metlife,2020-02-24,0.0,1.0,0.0,1,"[""코로나"", ""보험적용과"", ""보험금지급"", ""보장"", ""투모로우""]"
metlife,2020-03-02,1.0,0.0,0.0,1,"[""핫이슈"", ""금융상품"", ""추천"", ""연금"", ""펀드""]"
metlife,2020-03-09,0.5,0.5,0.0,2,"[""생명보험"", ""보험리모델링"", ""갱신형"", ""세보장"", ""재설계""]"
metlife,2020-03-23,1.0,0.0,0.0,1,"[""보험비교상담"", ""추천"", ""건강"", ""어린이"", ""실손""]"
metlife,2020-04-20,0.0,1.0,0.0,1,"[""개인연금"", ""연금저축"", ""장단점"", ""파악하고"", ""가입하기""]"
metlife,2020-05-11,0.0,1.0,0.0,1,"[""민식이법"", ""대비"", ""운전자보험추천"", ""완벽정리"", ""투모로우""]"
metlife,2020-05-18,0.0,1.0,0.0,1,"[""치매보험"", ""간병보험추천"", ""완벽정리"", ""투모로우"", ""카페""]"
metlife,2020-06-15,0.0,1.0,0.0,1,"[""산모교실"", ""상해"", ""의정부"", ""맘마미아"", ""후기""]"
metlife,2020-09-07,0.0,1.0,0.0,1,"[""태아보험"", ""어린이보험"", ""손해없이"", ""확실한"", ""가입요령""]"
metlife,2020-11-09,0.0,1.0,0.0,1,"[""피플라이프"", ""분당사업단"", ""고액보험"", ""세일즈"", ""입문과정""]"
metlife,2020-11-23,0.0,1.0,0.0,1,"[""천만원"", ""벌게해준"", ""세일즈"", ""특강"", ""모집""]"
metlife,2020-12-07,1.0,0.0,0.0,1,"[""나주혁신도시맛집"", ""전설의"", ""김또깡"", ""짱맛"", ""새로운""]"
metlife,2020-12-14,1.0,0.0,0.0,1,"[""보험증권"", ""보장분석"", ""사례"", ""어린이"", ""보험리모델링""]"
metlife,2020-12-21,1.0,0.0,0.0,1,"[""보험증권"", ""보장분석"", ""사례"", ""여성"", ""직장인""]"
metlife,2021-01-04,1.0,0.0,0.0,1,"[""맛집"", ""나주혁신도시"", ""전설의"", ""김또깡"", ""고기""]"
metlife,2021-01-25,0.0,1.0,0.0,1,"[""보험영업"", ""팀원"", ""동반"", ""후기"", ""클로징""]"
metlife,2021-02-01,0.0,1.0,0.0,1,"[""변액연금"", ""천만원"", ""계약"", ""펀드투입"", ""보험료""]"
metlife,2021-03-01,0.0,1.0,0.0,1,"[""합격"", ""보험회사"", ""서류"", ""인적성"", ""외국계""]"
metlife,2021-03-15,0.333,0.667,0.0,3,"[""신경치료"", ""후기"", ""보험증권"", ""보장분석"", ""사례""]"
metlife,2021-03-22,0.0,0.0,1.0,3,"[""메트라이프"", ""유니버셜"", ""민원해지"", ""전액"", ""환불""]"
metlife,2021-04-19,0.0,1.0,0.0,1,"[""생명"", ""제휴"", ""현황"", ""회사"", ""신입사원재테크""]"
metlife,2021-05-03,0.0,1.0,0.0,2,"[""생명"", ""사느냐"", ""제휴"", ""현황"", ""회사""]"
metlife,2021-05-10,0.0,1.0,0.0,4,"[""생명"", ""제휴"", ""현황"", ""회사"", ""추천""]"
metlife,2021-05-24,0.0,1.0,0.0,2,"[""열린"", ""후기"", ""손해보험"", ""대한약학회"", ""앰배서더호텔""]"
metlife,2021-06-07,0.0,1.0,0.0,1,"[""보험리모델링"", ""추천"", ""보험재설계가"", ""필요한"", ""투모로우""]"
metlife,2021-06-14,0.0,0.0,1.0,1,"[""생명"", ""가입한"", ""매트라이프"", ""환불"", ""받았습니다""]"
metlife,2021-06-21,0.333,0.333,0.333,3,"[""생명"", ""중계"", ""제휴"", ""현황"", ""회사""]"
metlife,2021-06-28,0.5,0.0,0.5,2,"[""생명"", ""메트라이프생명"", ""삼성생명"", ""제휴"", ""현황""]"
metlife,2021-07-05,0.0,1.0,0.0,1,"[""메트라이프"", ""후기"", ""변액윤버셜보험"", ""수익률공개"", ""운용""]"
metlife,2021-07-26,1.0,0.0,0.0,1,"[""메트라이프"", ""무배당"", ""변액연금보험"", ""동행"", ""오늘자""]"
metlife,2021-08-16,0.0,1.0,0.0,2,"[""생명"", ""웨딩"", ""제휴"", ""현황"", ""회사""]"
metlife,2021-11-15,0.0,1.0,0.0,2,"[""채용"", ""컨설팅"", ""궁금하다면"", ""생명"", ""부동산""]"
metlife,2021-11-22,0.0,1.0,0.0,1,"[""화요일"", ""오전장"", ""자료"", ""정식종목"", ""수익""]"
metlife,2021-12-06,0.0,1.0,0.0,1,"[""메트라이프생명보험"", ""기출자료"", ""면접후기"", ""전형방식"", ""최근""]"
metlife,2021-12-13,0.0,1.0,0.0,3,"[""후기"", ""메트라이프생명"", ""메트라이프"", ""취업컨설팅"", ""하반기""]"
metlife,2021-12-27,0.0,1.0,0.0,1,"[""토론회"", ""줌라이브"", ""공공그라운드"", ""스테이지에서"", ""열린""]"
metlife,2022-01-03,1.0,0.0,0.0,1,"[""메트라이프"", ""합격실화"", ""면접"", ""후기"", ""금융권취업""]"
metlife,2022-01-24,0.5,0.5,0.0,2,"[""돈을"", ""돈이"", ""미래에셋생명"", ""메트라이프생명"", ""푸르덴셜생명""]"
metlife,2022-01-31,0.0,1.0,0.0,2,"[""생명"", ""한화생명"", ""채권"", ""제휴"", ""현황""]"
metlife,2022-02-07,0.0,1.0,0.0,1,"[""메트라이프"", ""실버플랜"", ""변액유니버셜"", ""무배당"", ""해지""]"
metlife,2022-02-14,0.0,1.0,0.0,1,"[""생명"", ""제휴"", ""현황"", ""회사"", ""신혼부부재무설계""]"
metlife,2022-03-07,0.0,1.0,0.0,1,"[""메트라이프"", ""잘해주십니다"", ""최종합격"", ""후기"", ""년간""]"
metlife,2022-03-14,0.333,0.667,0.0,3,"[""생명"", ""제휴"", ""현황"", ""회사"", ""생명보험사""]"
metlife,2022-03-21,0.0,1.0,0.0,2,"[""생명"", ""제휴"", ""현황"", ""회사"", ""메트라이프""]"
metlife,2022-04-04,0.0,1.0,0.0,1,"[""시험"", ""방법"", ""합격"", ""후기"", ""목디스크""]"
metlife,2022-04-25,0.0,1.0,0.0,1,"[""무배당"", ""유니버셜달러종신보험"", ""해약"", ""후기"", ""사회초년생""]"
metlife,2022-06-20,0.0,1.0,0.0,1,"[""볼트"", ""춘천브런치카페"", ""카페드"", ""후기"", ""시작해볼께요""]"
metlife,2022-06-27,1.0,0.0,0.0,1,"[""보험료낮추기"", ""성공사례"", ""미혼"", ""여성자매의"", ""보험리모델링""]"
metlife,2022-07-04,0.0,1.0,0.0,1,"[""생명"", ""제휴"", ""현황"", ""회사"", ""재테크상담""]"
metlife,2022-07-11,0.5,0.5,0.0,2,"[""후기"", ""월천스쿨"", ""연차총회"", ""참석"", ""생명보험""]"
metlife,2022-07-18,0.0,0.5,0.5,2,"[""보험금청구"", ""유니버셜"", ""종신보험"", ""생명이"", ""메트라이프""]"
metlife,2022-07-25,1.0,0.0,0.0,1,"[""커넥트앤"", ""재무"", ""투자"", ""최고는"", ""어디""]"
metlife,2022-08-01,0.0,1.0,0.0,2,"[""생명"", ""제휴"", ""현황"", ""회사"", ""추천""]"
metlife,2022-08-15,1.0,0.0,0.0,1,"[""세대"", ""실손전환"", ""핵심정리"", ""보험료절약"", ""보장업그레이드""]"
metlife,2022-08-29,0.0,1.0,0.0,2,"[""생명"", ""제휴"", ""현황"", ""회사"", ""푸르덴셜생명""]"
metlife,2022-09-05,0.0,1.0,0.0,1,"[""생명"", ""제휴"", ""현황"", ""회사"", ""신혼부부재테크""]"
metlife,2022-09-12,1.0,0.0,0.0,1,"[""보험리모델링"", ""성공사례"", ""전환실손"", ""건강보험"", ""재무상담후기""]"
metlife,2022-09-19,0.0,1.0,0.0,1,"[""손보"", ""생명"", ""네이버보험인부산경남"", ""월정모"", ""한국보험금융""]"
metlife,2022-09-26,0.176,0.824,0.0,17,"[""정답"", ""메트라이프생명"", ""용종이"", ""십이지장"", ""대장에서""]"
metlife,2022-10-03,0.0,1.0,0.0,1,"[""유입분석"", ""주간"", ""찐후기가증명하는캐시"", ""일케시닥정답"", ""일케시워크정답""]"
metlife,2022-10-24,0.0,1.0,0.0,1,"[""생명"", ""제휴"", ""현황"", ""회사"", ""재테크상담""]"
metlife,2022-11-07,0.0,1.0,0.0,1,"[""동일운전자보험"", ""운전자보험비교견적"", ""입장에서는"", ""중상해교통사고보험"", ""손쉽게""]"
metlife,2022-11-28,0.0,1.0,0.0,1,"[""생명"", ""제휴"", ""현황"", ""회사"", ""재테크상담""]"
metlife,2022-12-05,0.5,0.5,0.0,2,"[""사회공헌재단"", ""토크콘서트"", ""메트라이프"", ""화재"", ""파이낸셜헬스""]"
metlife,2022-12-12,0.0,1.0,0.0,1,"[""면접"", ""있는"", ""세무사"", ""일상"", ""채용""]"
metlife,2022-12-19,0.0,1.0,0.0,1,"[""평생"", ""대재테크"", ""성공비책"", ""살아"", ""움직이는""]"
metlife,2023-01-09,0.5,0.5,0.0,2,"[""생명"", ""추천"", ""제휴"", ""현황"", ""회사""]"
metlife,2023-01-30,0.0,1.0,0.0,1,"[""생명"", ""제휴"", ""현황"", ""회사"", ""재테크상담""]"
metlife,2023-02-06,0.0,1.0,0.0,1,"[""메트라이프생명보험"", ""사무보조"", ""서류"", ""서류합격"", ""취준생입니다""]"
metlife,2023-02-13,0.0,1.0,0.0,1,"[""생명"", ""손보"", ""부산경남"", ""보험인정모후기"", ""한국보험금융""]"
metlife,2023-02-27,1.0,0.0,0.0,1,"[""보험리모델링"", ""추천"", ""전환실손"", ""건강보험"", ""업그레이드""]"
metlife,2023-03-06,0.0,1.0,0.0,1,"[""생명"", ""제휴"", ""현황"", ""회사"", ""재테크상담""]"
metlife,2023-03-13,1.0,0.0,0.0,1,"[""실비보험"", ""다이렉트"", ""메트라이프실비보험"", ""알뜰하게"", ""준비해요""]"
metlife,2023-03-27,0.333,0.333,0.333,3,"[""달러"", ""메트라이프"", ""유니버셜"", ""후기"", ""상품이""]"
metlife,2023-04-03,0.0,1.0,0.0,1,"[""생명"", ""제휴"", ""현황"", ""회사"", ""재테크상담""]"
metlife,2023-04-17,0.333,0.667,0.0,3,"[""유니버셜"", ""달러종신보험"", ""환불받은"", ""입원"", ""메트라이프""]"
metlife,2023-04-24,1.0,0.0,0.0,1,"[""보험리모델링"", ""보험료"", ""절약"", ""보장"", ""업그레이드""]"
metlife,2023-05-15,0.0,1.0,0.0,1,"[""생명"", ""제휴"", ""현황"", ""회사"", ""재테크상담""]"
metlife,2023-05-22,0.0,1.0,0.0,2,"[""생명"", ""성공사례"", ""제휴"", ""현황"", ""회사""]"
metlife,2023-06-12,0.0,0.0,1.0,1,"[""달러종신보험"", ""좋다고"", ""해서"", ""가입한"", ""메트라이프""]"
metlife,2023-06-26,0.5,0.5,0.0,2,"[""생명"", ""푸르덴셜생명"", ""라이나생명"", ""동양생명"", ""애플링""]"
metlife,2023-07-31,0.0,1.0,0.0,1,"[""생명"", ""제휴"", ""현황"", ""회사"", ""보험리모델링""]"
metlife,2023-08-07,0.0,0.5,0.5,2,"[""메트라이프"", ""달러종신보험"", ""최종"", ""설명듣고"", ""가입한""]"
metlife,2023-08-14,0.0,1.0,0.0,1,"[""생명"", ""제휴"", ""현황"", ""회사"", ""재테크상담""]"
metlife,2023-08-21,0.0,1.0,0.0,1,"[""자녀양육비와"", ""부부간"", ""부양료의"", ""성질"", ""메트라이프""]"
metlife,2023-08-28,0.5,0.5,0.0,2,"[""생명"", ""제휴"", ""현황"", ""회사"", ""미래에셋생명""]"
metlife,2023-09-04,0.0,1.0,0.0,1,"[""링크정보"", ""동양생명"", ""무배당수호천사변액유니버셜통합"", ""경남"", ""창녕""]"
metlife,2023-09-11,0.0,1.0,0.0,1,"[""링크정보"", ""귀여움의"", ""진화적"", ""이유외"", ""카페창업자격증""]"
metlife,2023-09-18,0.0,1.0,0.0,1,"[""생명"", ""제휴"", ""현황"", ""회사"", ""재테크상담""]"
metlife,2023-10-16,0.333,0.667,0.0,3,"[""생명"", ""제휴"", ""현황"", ""회사"", ""한국""]"
metlife,2023-10-23,0.0,1.0,0.0,1,"[""생명"", ""제휴"", ""현황"", ""회사"", ""의사재테크""]"
metlife,2023-10-30,0.0,1.0,0.0,1,"[""생명"", ""제휴"", ""현황"", ""회사"", ""재테크상담""]"
metlife,2023-11-06,0.0,1.0,0.0,1,"[""생명"", ""제휴"", ""현황"", ""회사"", ""직장인재무설계""]"
metlife,2023-12-11,0.0,1.0,0.0,1,"[""생명"", ""제휴"", ""현황"", ""회사"", ""재테크상담""]"
metlife,2023-12-25,0.0,0.667,0.333,3,"[""생명보험"", ""메트라이프"", ""먼저"", ""손해보험"", ""달러종신보험""]"
metlife,2024-01-22,0.0,1.0,0.0,2,"[""생명"", ""제휴"", ""현황"", ""회사"", ""제주""]"
metlife,2024-01-29,1.0,0.0,0.0,1,"[""법인회사"", ""중소기업"", ""대표이사의"", ""보험리모델링"", ""추천""]"
metlife,2024-02-19,0.0,0.0,1.0,2,"[""메트라이프"", ""무배당"", ""유니버셜"", ""달러종신보험"", ""캡틴행정사사무소""]"
metlife,2024-03-18,0.0,1.0,0.0,1,"[""생명"", ""제휴"", ""현황"", ""회사"", ""재테크상담""]"
metlife,2024-03-25,0.5,0.25,0.25,4,"[""종신보험"", ""유니버셜"", ""후기"", ""보상실무"", ""교육""]"
metlife,2024-04-01,0.0,1.0,0.0,1,"[""임원의"", ""역할"", ""역할전환"", ""임원교육"", ""컨텐츠소개""]"
metlife,2024-04-08,0.0,1.0,0.0,3,"[""생명"", ""제휴"", ""현황"", ""회사"", ""재테크상담""]"
metlife,2024-04-15,0.333,0.0,0.667,3,"[""메트라이프생명"", ""유니버셜"", ""변액"", ""오늘의"", ""종신보험""]"
metlife,2024-04-22,0.0,0.333,0.667,3,"[""생명"", ""메트라이프생명"", ""메트라이프"", ""무배당"", ""유니버셜""]"
metlife,2024-05-06,0.5,0.5,0.0,4,"[""서울머니쇼"", ""생명"", ""후기"", ""경품"", ""이벤트""]"
metlife,2024-05-13,0.25,0.5,0.25,4,"[""생명"", ""서울머니쇼"", ""메트라이프종신보험해지"", ""민원으로"", ""전액환불""]"
metlife,2024-05-20,0.0,1.0,0.0,1,"[""생명"", ""제휴"", ""현황"", ""회사"", ""재테크상담""]"
metlife,2024-06-10,0.0,0.5,0.5,2,"[""메트라이프"", ""홍보영상"", ""민원성공사례"", ""유니버셜"", ""달러종신보험""]"
metlife,2024-06-17,0.0,0.667,0.333,3,"[""민원"", ""무배당"", ""환불"", ""후기"", ""종신보험""]"
metlife,2024-06-24,0.0,1.0,0.0,3,"[""손해보험"", ""대한약학회"", ""앰배서더호텔"", ""고객센터"", ""얼라인드어소시에이츠""]"
metlife,2024-07-01,0.0,1.0,0.0,3,"[""사진세공사의"", ""손해보험"", ""대한약학회"", ""앰배서더호텔"", ""고객센터""]"
metlife,2024-07-08,0.333,0.667,0.0,3,"[""생명"", ""제휴"", ""현황"", ""회사"", ""손해보험""]"
metlife,2024-07-15,0.0,0.833,0.167,6,"[""생명"", ""메트라이프"", ""제휴"", ""현황"", ""회사""]"
metlife,2024-07-22,0.0,1.0,0.0,1,"[""사진세공사"", ""광주요"", ""이천센터점에서"", ""열린"", ""도자축제""]"
metlife,2024-08-12,0.0,1.0,0.0,1,"[""생명"", ""제휴"", ""현황"", ""회사"", ""재테크상담""]"
metlife,2024-08-26,0.0,1.0,0.0,1,"[""생명"", ""제휴"", ""현황"", ""회사"", ""보험리모델링""]"
metlife,2024-09-02,0.0,0.5,0.5,2,"[""생명"", ""메트라이프생명"", ""무배당"", ""유니버셜"", ""제휴""]"
metlife,2024-09-16,0.0,0.0,1.0,1,"[""메트라이프생명"", ""변액"", ""유니버셜"", ""종신보험"", ""해지""]"
metlife,2024-10-07,0.5,0.0,0.5,2,"[""후기"", ""메트라이프생명"", ""기흉"", ""수술"", ""흉강삽관부터""]"
metlife,2024-10-14,0.0,0.0,1.0,1,"[""일상"", ""대전"", ""일등맘"", ""산모교실"", ""참석""]"
metlife,2024-10-28,0.0,1.0,0.0,3,"[""손해보험"", ""대한약학회"", ""앰배서더호텔"", ""고객센터"", ""얼라인드어소시에이츠""]"
metlife,2024-11-11,0.333,0.667,0.0,3,"[""메트라이프"", ""인재"", ""저스펙"", ""후기"", ""손해보험""]"
metlife,2024-11-18,1.0,0.0,0.0,1,"[""온오프라인"", ""유튜브"", ""중계"", ""현장중계"", ""하이브리드""]"
metlife,2024-11-25,0.0,0.0,1.0,1,"[""메트라이프생명"", ""유니버셜"", ""달러"", ""종신보험"", ""민원""]"
metlife,2024-12-02,0.0,1.0,0.0,1,"[""생명"", ""제휴"", ""현황"", ""회사"", ""재테크상담""]"
metlife,2024-12-09,0.0,1.0,0.0,2,"[""생명"", ""제휴"", ""현황"", ""회사"", ""생명보험사""]"
metlife,2024-12-16,1.0,0.0,0.0,2,"[""후기"", ""일등맘"", ""산모교실"", ""메트라이프"", ""교육""]"
metlife,2024-12-23,0.0,1.0,0.0,1,"[""생명"", ""무료"", ""재무상담보다는"", ""확실한"", ""유료재무상담으로""]"
metlife,2024-12-30,1.0,0.0,0.0,1,"[""소공동"", ""롯데호텔에서"", ""진행된"", ""법무법인"", ""신입생""]"
metlife,2025-01-13,0.0,1.0,0.0,1,"[""생명"", ""제휴"", ""현황"", ""회사"", ""재테크상담""]"
metlife,2025-01-20,0.0,0.333,0.667,3,"[""생명"", ""제휴"", ""현황"", ""회사"", ""메트라이프생명""]"
metlife,2025-02-17,1.0,0.0,0.0,2,"[""메트라이프"", ""후기"", ""가입자들의"", ""실제"", ""커스텀미디어와""]"
metlife,2025-02-24,0.0,1.0,0.0,1,"[""생명"", ""제휴"", ""현황"", ""회사"", ""재테크상담""]"
metlife,2025-03-03,0.6,0.4,0.0,5,"[""촬영"", ""후기"", ""손해보험"", ""대한약학회"", ""앰배서더호텔""]"
metlife,2025-03-10,1.0,0.0,0.0,7,"[""손해보험"", ""대한약학회"", ""앰배서더호텔"", ""고객센터"", ""얼라인드어소시에이츠""]"
metlife,2025-03-17,0.0,1.0,0.0,4,"[""손해보험"", ""대한약학회"", ""앰배서더호텔"", ""고객센터"", ""얼라인드어소시에이츠""]"
metlife,2025-03-24,0.2,0.8,0.0,5,"[""후기"", ""커스텀미디어가"", ""담은"", ""손해보험"", ""대한약학회""]"
metlife,2025-03-31,0.0,0.667,0.333,3,"[""후기"", ""커스텀미디어가"", ""담은"", ""세미나"", ""행사사진""]"
metlife,2025-04-07,0.0,1.0,0.0,2,"[""수술"", ""퇴원"", ""후기"", ""메트라이프"", ""광명""]"
metlife,2025-04-14,0.0,1.0,0.0,3,"[""생명"", ""후기"", ""메트라이프"", ""개장전"", ""주요이슈""]"
metlife,2025-04-21,1.0,0.0,0.0,1,"[""채용"", ""메트라이프생명"", ""총정리"", ""공식"", ""홈페이지나""]"
metlife,2025-04-28,1.0,0.0,0.0,1,"[""이번"", ""주말은"", ""서울머니쇼"", ""가자"", ""손해보험""]"
metlife,2025-05-12,0.5,0.25,0.25,4,"[""생명"", ""박희영"", ""제휴"", ""현황"", ""회사""]"
metlife,2025-05-19,0.0,1.0,0.0,2,"[""생명"", ""제휴"", ""현황"", ""회사"", ""재테크상담""]"
metlife,2025-05-26,0.0,1.0,0.0,2,"[""산모교실"", ""출산"", ""일전"", ""부지런히"", ""다니기""]"
metlife,2025-06-02,0.0,1.0,0.0,1,"[""조기진통"", ""고위험산모"", ""집중치료실"", ""입원비"", ""실비청구""]"
metlife,2025-06-09,0.0,1.0,0.0,2,"[""산모교실"", ""행사"", ""후기"", ""메트라이프"", ""맘스피드""]"
metlife,2025-06-30,0.5,0.5,0.0,2,"[""생명"", ""제휴"", ""현황"", ""회사"", ""메트라이프생명보험""]"
metlife,2025-07-07,0.667,0.333,0.0,3,"[""메트라이프"", ""생명"", ""태아보험"", ""현대해상"", ""비교""]"
metlife,2025-07-14,0.0,0.0,1.0,2,"[""메트라이프생명"", ""종신보험"", ""눈앞이"", ""깜깜했던"", ""민원""]"
metlife,2025-07-21,0.0,1.0,0.0,2,"[""생명"", ""제휴"", ""현황"", ""회사"", ""추천""]"
metlife,2025-08-04,0.0,0.5,0.5,2,"[""변액보험"", ""메트라이프"", ""연금"", ""필수"", ""그래도""]"
metlife,2025-08-11,0.0,0.25,0.75,4,"[""연금"", ""달러"", ""예시"", ""주요"", ""저해지""]"
metlife,2025-08-18,0.0,0.0,1.0,3,"[""메트라이프생명"", ""일시납"", ""중도"", ""달러종신보험"", ""유니버셜달러종신보험""]"
metlife,2025-08-25,0.0,0.167,0.833,6,"[""메트라이프생명"", ""메트라이프"", ""해지"", ""종신보험"", ""무배당""]"
metlife,2025-09-01,0.4,0.5,0.1,10,"[""메트라이프"", ""손실"", ""후기"", ""내고"", ""보험을""]"
metlife,2025-09-08,0.375,0.5,0.125,8,"[""메트라이프"", ""달러종신보험"", ""백만인을"", ""위한"", ""종신보험""]"
metlife,2025-09-15,0.25,0.625,0.125,8,"[""메트라이프"", ""달러"", ""생명"", ""현황"", ""회사""]"
metlife,2025-09-22,0.4,0.6,0.0,5,"[""메트라이프"", ""생명"", ""재해"", ""후기"", ""해지""]"
metlife,2025-09-29,0.167,0.333,0.5,6,"[""메트라이프"", ""오늘의"", ""납입"", ""연결"", ""해지""]"
metlife,2025-10-06,0.0,0.25,0.75,4,"[""메트라이프"", ""달러"", ""종신보험"", ""가지"", ""해지""]"
metlife,2025-10-13,0.333,0.444,0.222,9,"[""달러"", ""메트라이프"", ""생명"", ""글로벌"", ""메트라이프생명""]"
metlife,2025-10-20,0.143,0.429,0.429,7,"[""생명"", ""메트라이프"", ""달러"", ""제휴"", ""현황""]"
metlife,2025-10-27,0.5,0.5,0.0,2,"[""달러"", ""메트라이프"", ""보험은"", ""해지"", ""달러강세""]"
metlife,2025-11-03,0.375,0.25,0.375,8,"[""메트라이프"", ""서류"", ""달러"", ""메트라이프생명"", ""무배당""]"
metlife,2025-11-10,0.167,0.333,0.5,6,"[""후기"", ""메트라이프"", ""성과관리"", ""메트라이프생명"", ""가입자""]"
metlife,2025-11-17,0.25,0.5,0.25,4,"[""메트라이프"", ""백만인을"", ""위한"", ""달러종신보험"", ""비과세""]"
metlife,2025-11-24,0.125,0.625,0.25,8,"[""메트라이프"", ""달러종신보험"", ""달러연금보험"", ""달러"", ""환율""]"
metlife,2025-12-01,0.222,0.556,0.222,9,"[""메트라이프"", ""환율"", ""달러종신보험"", ""해지"", ""달러""]"
metlife,2025-12-08,0.286,0.571,0.143,7,"[""메트라이프"", ""달러"", ""환율"", ""달러보험"", ""달러자산""]"
metlife,2025-12-15,0.167,0.333,0.5,6,"[""메트라이프"", ""달러종신보험"", ""환율"", ""이런"", ""달러""]"
metlife,2025-12-22,0.25,0.625,0.125,8,"[""메트라이프"", ""종신보험"", ""메트라이프생명"", ""오늘의"", ""있는""]"
metlife,2025-12-29,0.333,0.0,0.667,3,"[""메트라이프"", ""변액"", ""유니버셜"", ""저축성"", ""가입한""]"
metlife,2026-01-05,0.28,0.56,0.16,25,"[""메트라이프"", ""달러"", ""메트라이프생명"", ""종신보험"", ""달러종신보험""]"
metlife,2026-01-12,0.278,0.667,0.056,18,"[""메트라이프"", ""달러"", ""달러종신보험"", ""환급률"", ""종신보험""]"
metlife,2026-01-19,0.143,0.714,0.143,14,"[""메트라이프"", ""달러종신보험"", ""생명"", ""달러"", ""유니버설""]"
metlife,2026-01-26,0.214,0.714,0.071,14,"[""메트라이프"", ""달러종신보험"", ""생명"", ""달러"", ""변액연금보험""]"
metlife,2026-02-02,0.364,0.636,0.0,11,"[""생명"", ""달러"", ""메트라이프"", ""신한라이프"", ""메트라이프생명""]"
metlife,2026-02-09,0.133,0.733,0.133,15,"[""메트라이프"", ""생명"", ""메트라이프생명"", ""현황"", ""생명보험""]"
metlife,2026-02-16,0.2,0.8,0.0,5,"[""메트라이프"", ""보험금"", ""청구"", ""고객센터"", ""달러""]"
metlife,2026-02-23,0.286,0.714,0.0,7,"[""메트라이프"", ""그리고"", ""이후"", ""메트라이프생명"", ""다양한""]"
metlife,2026-03-02,0.214,0.643,0.143,14,"[""메트라이프"", ""달러"", ""지금"", ""변액보험"", ""일시납""]"
metlife,2026-03-09,0.267,0.6,0.133,15,"[""메트라이프"", ""달러종신보험"", ""메트라이프생명"", ""생명"", ""달러""]"
metlife,2026-03-16,0.0,1.0,0.0,7,"[""메트라이프"", ""기준"", ""키즈플랜"", ""아이"", ""메트라이프생명""]"
metlife,2026-03-23,0.278,0.611,0.111,18,"[""메트라이프"", ""달러"", ""년납"", ""변액보험"", ""달러종신보험""]"
metlife,2026-03-30,0.071,0.857,0.071,14,"[""메트라이프"", ""달러"", ""달러종신보험"", ""수익률"", ""메트라이프금융서비스""]"
metlife,2026-04-06,0.333,0.5,0.167,18,"[""메트라이프"", ""달러"", ""환율"", ""달러종신보험"", ""있습니다""]"
metlife,2026-04-13,0.286,0.571,0.143,21,"[""메트라이프"", ""달러"", ""연금보험"", ""환율"", ""달러연금""]"
metlife,2026-04-20,0.273,0.636,0.091,22,"[""메트라이프"", ""달러연금보험"", ""구조"", ""달러연금"", ""지금""]"
metlife,2026-04-27,0.24,0.6,0.16,25,"[""메트라이프"", ""달러연금보험"", ""이벤트"", ""메트라이프생명"", ""환급률""]"
metlife,2026-05-04,0.091,0.864,0.045,22,"[""메트라이프"", ""달러연금보험"", ""이벤트"", ""서울머니쇼"", ""환율""]"
metlife,2026-05-11,0.333,0.667,0.0,6,"[""메트라이프"", ""달러연금보험"", ""달러"", ""이유"", ""유니버셜""]"
samsung,2023-05-01,0.671,0.329,0.0,225,"[""정말"", ""너무"", ""있는"", ""빛나는"", ""태양처럼""]"
samsung,2023-05-08,0.333,0.667,0.0,3,"[""당첨자"", ""발표"", ""축하합니다"", ""응해주신"", ""댓글""]"
samsung,2023-06-19,0.286,0.714,0.0,7,"[""광고"", ""새로운"", ""신기하네요"", ""너무"", ""봤습니다""]"
samsung,2023-06-26,0.278,0.722,0.0,18,"[""과거의"", ""오늘"", ""작년"", ""열심히"", ""하고""]"
samsung,2023-07-03,0.344,0.625,0.031,32,"[""오늘"", ""기억이"", ""과거의"", ""너무"", ""먹고""]"
samsung,2023-07-10,0.0,1.0,0.0,1,"[""당첨자"", ""구독자"", ""이벤트"", ""댓글로"", ""참여해주신""]"
samsung,2023-07-31,0.0,1.0,0.0,2,"[""명이로"", ""화재"", ""보험이"", ""년간"", ""들어같다면""]"
samsung,2023-08-07,0.409,0.591,0.0,22,"[""오늘"", ""작년"", ""과거의"", ""기억이"", ""친구와""]"
samsung,2023-08-14,0.344,0.656,0.0,32,"[""오늘"", ""함께"", ""과거의"", ""작년"", ""기억이""]"
samsung,2023-08-21,0.357,0.643,0.0,14,"[""과거의"", ""오늘"", ""너무"", ""좋은"", ""당첨자""]"
samsung,2023-08-28,0.214,0.762,0.024,42,"[""오늘"", ""과거의"", ""기억이"", ""열심히"", ""작년""]"
samsung,2023-09-04,0.391,0.609,0.0,23,"[""미래의"", ""오늘"", ""같아요"", ""있을"", ""열심히""]"
samsung,2023-09-11,0.385,0.615,0.0,26,"[""미래의"", ""같아요"", ""오늘은"", ""오늘"", ""가족들과""]"
samsung,2023-09-18,0.375,0.625,0.0,8,"[""미래의"", ""같아요"", ""오늘"", ""있을"", ""저의""]"
samsung,2023-09-25,0.569,0.431,0.0,51,"[""미래의"", ""같아요"", ""오늘"", ""가족들과"", ""하고""]"
samsung,2023-10-02,1.0,0.0,0.0,1,"[""당첨자"", ""발표"", ""과거의"", ""오늘"", ""뭐하셨나요""]"
samsung,2023-10-30,0.0,1.0,0.0,1,"[""가족단위의"", ""생명범죄가"", ""시작되는"", ""삼성생명""]"
samsung,2023-11-27,0.0,1.0,0.0,1,"[""들어갈때"", ""입금될때"", ""나올때"", ""지급할때"", ""완전""]"
samsung,2023-12-25,0.2,0.8,0.0,5,"[""기술이"", ""이렇게"", ""우연히"", ""봤다가"", ""오열하고""]"
samsung,2024-01-01,0.733,0.2,0.067,15,"[""소중한"", ""다시"", ""어릴"", ""부모님"", ""정말""]"
samsung,2024-01-08,0.672,0.328,0.0,58,"[""기억현상소"", ""따뜻한"", ""영상"", ""너무"", ""삼성생명""]"
samsung,2024-01-15,1.0,0.0,0.0,1,"[""기억현상소"", ""영상에"", ""많은"", ""관심"", ""주신""]"
samsung,2024-04-15,0.885,0.115,0.0,26,"[""팔색조님"", ""건강에"", ""건강"", ""저도"", ""건강한""]"
samsung,2024-04-22,0.939,0.061,0.0,66,"[""팔색조님"", ""건강에"", ""같아요"", ""저도"", ""정말""]"
samsung,2024-05-06,1.0,0.0,0.0,1,"[""당첨자"", ""많은"", ""관심"", ""이벤트"", ""입력""]"
samsung,2024-07-08,0.0,1.0,0.0,1,"[""그림에"", ""움직임이"", ""없어서"", ""부자연스럽게"", ""느낄""]"
samsung,2024-07-29,0.143,0.762,0.095,21,"[""수면"", ""같아요"", ""숙면"", ""요즘"", ""잠을""]"
samsung,2024-08-05,0.3,0.6,0.1,10,"[""수면"", ""있어서"", ""더헬스"", ""나오지"", ""자는""]"
samsung,2024-08-12,0.667,0.333,0.0,3,"[""당첨자"", ""유튜브"", ""입력"", ""예상"", ""수면""]"
samsung,2024-08-26,0.781,0.219,0.0,32,"[""챌린지"", ""들고"", ""정답"", ""퀴즈"", ""다양한""]"
samsung,2024-09-02,0.852,0.148,0.0,54,"[""챌린지"", ""들고"", ""정답"", ""삼성생명"", ""응원합니다""]"
samsung,2024-09-09,0.0,1.0,0.0,2,"[""당첨자"", ""유튜브"", ""핸들"", ""아래"", ""들어가""]"
samsung,2024-09-30,0.0,1.0,0.0,1,"[""삼성"", ""사랑"", ""합니다"", ""만이만이성장하세요"", ""삼성생명""]"
samsung,2024-10-07,0.0,1.0,0.0,1,"[""뇌병변장애인회복방법"", ""알려주세요""]"
samsung,2024-10-14,0.462,0.538,0.0,13,"[""광고가"", ""광고네요"", ""너무"", ""광고"", ""느낌""]"
samsung,2024-10-21,0.067,0.4,0.533,15,"[""들이"", ""청춘들에게"", ""삼성생명"", ""광고"", ""좋은""]"
samsung,2024-10-28,0.0,1.0,0.0,1,"[""본편"", ""이벤트"", ""나도"", ""보들챌에"", ""도전해보겠다""]"
samsung,2024-11-18,0.0,1.0,0.0,2,"[""수능"", ""다들"", ""고생"", ""많으셨어요"", ""진짜""]"
samsung,2024-11-25,0.524,0.429,0.048,21,"[""보험이"", ""너무"", ""한국"", ""정말"", ""같아요""]"
samsung,2024-12-02,0.722,0.278,0.0,54,"[""최초의"", ""한국"", ""정말"", ""보험이"", ""금융""]"
samsung,2024-12-09,0.0,1.0,0.0,1,"[""유튜브"", ""당첨자"", ""핸들"", ""삼성생명"", ""들고""]"
samsung,2025-02-03,0.5,0.5,0.0,2,"[""삼삼한"", ""날씨에"", ""함박웃음을"", ""주는"", ""미소를""]"
samsung,2025-02-10,0.6,0.4,0.0,5,"[""광고"", ""너무"", ""기존이"", ""보험회사"", ""같지""]"
samsung,2025-02-17,0.375,0.625,0.0,8,"[""당첨자"", ""영상"", ""개인정보"", ""삼성생명"", ""알람머신""]"
samsung,2025-02-24,0.5,0.5,0.0,2,"[""너무"", ""저도"", ""아버지"", ""목소리"", ""한번만""]"
samsung,2025-03-03,0.5,0.5,0.0,2,"[""시월모바일"", ""알뜰폰"", ""최고"", ""요금제"", ""싸다""]"
samsung,2025-03-10,0.0,1.0,0.0,1,"[""뭐든"", ""삼성아닌가요보험도""]"
samsung,2025-03-17,0.333,0.667,0.0,6,"[""보기만해도"", ""미소가"", ""지어지는"", ""광고"", ""아니""]"
samsung,2025-03-24,0.333,0.667,0.0,6,"[""광고네요"", ""광고"", ""젊음이"", ""기분이"", ""좋아지는""]"
samsung,2025-03-31,0.0,0.5,0.5,2,"[""장면부터"", ""마음을"", ""움직이는"", ""광고입니다"", ""니네""]"
samsung,2025-04-07,0.0,1.0,0.0,4,"[""축구선수"", ""라는줄"", ""리쿠르팅"", ""홍보네요"", ""광고""]"
samsung,2025-04-14,0.0,0.667,0.333,3,"[""낳을"", ""세에"", ""애를"", ""있는"", ""여자""]"
samsung,2025-04-21,0.5,0.5,0.0,2,"[""자기"", ""아주"", ""미쳤구나"", ""살에"", ""결혼해서""]"
samsung,2025-04-28,0.0,1.0,0.0,1,"[""사고"", ""삼성생명"", ""전학수"", ""설계사는"", ""오토바이""]"
samsung,2025-05-05,0.0,1.0,0.0,1,"[""희망도"", ""적당히줘야지"", ""뽑지도"", ""않는"", ""기업이""]"
samsung,2025-05-19,0.0,0.5,0.5,2,"[""보험사"", ""가입했는데"", ""영화"", ""같은고민을"", ""삼성은""]"
samsung,2025-06-16,0.2,0.8,0.0,5,"[""삼성생명"", ""보험은"", ""이최고죠"", ""보험의"", ""본연의""]"
samsung,2025-06-23,0.2,0.8,0.0,5,"[""요즘"", ""현실을"", ""반영한"", ""내용이"", ""마음에""]"
samsung,2025-07-07,0.0,1.0,0.0,1,"[""삼성생명"", ""언제나"", ""파이팅""]"
samsung,2025-07-14,1.0,0.0,0.0,1,"[""삼성생명"", ""보험회사가"", ""친절하고"", ""확실하게"", ""고객의""]"
samsung,2025-07-21,0.0,1.0,0.0,2,"[""삼섬에대해"", ""조금이나"", ""알겠네요"", ""정말"", ""유용해요""]"
samsung,2025-08-11,0.0,1.0,0.0,1,"[""입력"", ""당첨자"", ""부탁드립니다"", ""궁금해리"", ""알려달리""]"
samsung,2025-09-22,0.0,1.0,0.0,1,"[""힘내고"", ""자기관리"", ""철저""]"
samsung,2025-11-17,0.0,1.0,0.0,1,"[""단순히"", ""의식주"", ""자체만이"", ""아닌"", ""퀄리티가""]"
samsung,2025-12-01,0.222,0.778,0.0,36,"[""싶어요"", ""꿈을"", ""잡고"", ""싶습니다"", ""삼성생명""]"
samsung,2025-12-08,0.192,0.769,0.038,26,"[""싶습니다"", ""싶어요"", ""잡고"", ""있는"", ""꿈을""]"
samsung,2025-12-15,0.0,1.0,0.0,1,"[""당첨자"", ""삼성생명"", ""꿈잡이"", ""부탁드립니다"", ""발표""]"
samsung,2026-01-12,0.0,1.0,0.0,1,"[""아빠"", ""죄송합니다"", ""저도"", ""하늘나라가면"", ""잘못했다고""]"
samsung,2026-01-19,0.0,1.0,0.0,1,"[""아버지"", ""돌아가신지"", ""년이"", ""다되가는데"", ""점점""]"
samsung,2026-02-09,0.0,1.0,0.0,1,"[""나도아빠보고싶다"", ""이렇게갑자기돌아가실줄"", ""몰랐어요"", ""미안합니다""]"
samsung,2026-02-23,0.0,1.0,0.0,1,"[""삼성화재"", ""삼성생명"", ""삼성카드"", ""펫보험"", ""모니모까지""]"
samsung,2026-03-09,0.0,0.0,1.0,1,"[""보험사"", ""공식"", ""신용불량자"", ""보험약관대출"", ""기록""]"
samsung,2026-03-16,0.0,1.0,0.0,1,"[""금융권"", ""주택담보대출"", ""금리"", ""한도"", ""조건""]"
samsung,2026-03-23,0.371,0.629,0.0,35,"[""정말"", ""포기하지"", ""덕분에"", ""그때의"", ""너무""]"
samsung,2026-03-30,0.456,0.515,0.029,68,"[""정말"", ""내가"", ""지금의"", ""삼성생명"", ""그때의""]"
samsung,2026-04-06,0.346,0.626,0.028,107,"[""삼성생명"", ""후기"", ""가장"", ""실제"", ""후기를""]"
samsung,2026-04-13,0.372,0.628,0.0,86,"[""삼성생명"", ""후기"", ""시간"", ""항상"", ""가장""]"
samsung,2026-04-20,0.298,0.681,0.021,47,"[""삼성생명"", ""후기"", ""대구"", ""다이닝원"", ""바로""]"
samsung,2026-04-27,0.2,0.75,0.05,40,"[""삼성생명"", ""후기"", ""삼성"", ""금리"", ""금융""]"
samsung,2026-05-04,0.487,0.496,0.017,115,"[""삼성생명"", ""같이"", ""후기"", ""함께"", ""같아요""]"
samsung,2026-05-11,0.357,0.625,0.018,56,"[""삼성생명"", ""후기"", ""함께"", ""면접"", ""같이""]"
